{"data_time": 0.0067610644998694625, "eta_seconds": 562.1972718570253, "fast_rcnn/cls_accuracy": 0.9541015625, "fast_rcnn/false_negative": 1.0, "fast_rcnn/fg_cls_accuracy": 0.0, "iteration": 19, "loss_box_reg": 0.08732986077666283, "loss_cls": 0.9829451143741608, "loss_rpn_cls": 0.04106788709759712, "loss_rpn_loc": 0.03520914167165756, "lr": 0.0002497625, "roi_head/num_bg_samples": 250.0, "roi_head/num_fg_samples": 6.0, "rpn/num_neg_anchors": 246.0, "rpn/num_pos_anchors": 10.0, "time": 1.1688092970000525, "total_loss": 1.1460427157580853}
{"data_time": 0.006375735500114388, "eta_seconds": 546.822961184095, "fast_rcnn/cls_accuracy": 0.9521484375, "fast_rcnn/false_negative": 1.0, "fast_rcnn/fg_cls_accuracy": 0.0, "iteration": 39, "loss_box_reg": 0.19107261300086975, "loss_cls": 0.244846910238266, "loss_rpn_cls": 0.025978240184485912, "loss_rpn_loc": 0.026673350483179092, "lr": 0.0004995125, "roi_head/num_bg_samples": 243.75, "roi_head/num_fg_samples": 12.25, "rpn/num_neg_anchors": 243.75, "rpn/num_pos_anchors": 12.25, "time": 1.186166944000206, "total_loss": 0.5122905997559428}
{"data_time": 0.006986250499949165, "eta_seconds": 520.1855414910306, "fast_rcnn/cls_accuracy": 0.9521484375, "fast_rcnn/false_negative": 1.0, "fast_rcnn/fg_cls_accuracy": 0.0, "iteration": 59, "loss_box_reg": 0.18678467720746994, "loss_cls": 0.1800312101840973, "loss_rpn_cls": 0.013442505151033401, "loss_rpn_loc": 0.02071304153650999, "lr": 0.0007492625, "roi_head/num_bg_samples": 243.75, "roi_head/num_fg_samples": 12.25, "rpn/num_neg_anchors": 245.25, "rpn/num_pos_anchors": 10.75, "time": 1.1728068560000793, "total_loss": 0.40204664203338325}
{"data_time": 0.006090439999979935, "eta_seconds": 496.5943604710292, "fast_rcnn/cls_accuracy": 0.9443359375, "fast_rcnn/false_negative": 1.0, "fast_rcnn/fg_cls_accuracy": 0.0, "iteration": 79, "loss_box_reg": 0.218220517039299, "loss_cls": 0.17422832548618317, "loss_rpn_cls": 0.010741772130131721, "loss_rpn_loc": 0.021816550754010677, "lr": 0.0009990125, "roi_head/num_bg_samples": 241.5, "roi_head/num_fg_samples": 14.5, "rpn/num_neg_anchors": 245.0, "rpn/num_pos_anchors": 11.0, "time": 1.177597580499878, "total_loss": 0.42702649580314755}
{"data_time": 0.006780938500241973, "eta_seconds": 475.57997537604, "fast_rcnn/cls_accuracy": 0.935546875, "fast_rcnn/false_negative": 0.8754767353165522, "fast_rcnn/fg_cls_accuracy": 0.12452326468344774, "iteration": 99, "loss_box_reg": 0.30707404017448425, "loss_cls": 0.16080614924430847, "loss_rpn_cls": 0.007468935800716281, "loss_rpn_loc": 0.019148752093315125, "lr": 0.0012487625000000002, "roi_head/num_bg_samples": 235.25, "roi_head/num_fg_samples": 20.75, "rpn/num_neg_anchors": 244.75, "rpn/num_pos_anchors": 11.25, "time": 1.2096132280000802, "total_loss": 0.49358295975252986}
{"data_time": 0.0055235330000869, "eta_seconds": 456.1232139900301, "fast_rcnn/cls_accuracy": 0.9462890625, "fast_rcnn/false_negative": 0.525, "fast_rcnn/fg_cls_accuracy": 0.475, "iteration": 119, "loss_box_reg": 0.23002231866121292, "loss_cls": 0.14831886440515518, "loss_rpn_cls": 0.004507842939347029, "loss_rpn_loc": 0.017169506289064884, "lr": 0.0014985125000000002, "roi_head/num_bg_samples": 239.25, "roi_head/num_fg_samples": 16.75, "rpn/num_neg_anchors": 244.75, "rpn/num_pos_anchors": 11.25, "time": 1.2730627705000188, "total_loss": 0.4145752117037773}
{"data_time": 0.00716715049998129, "eta_seconds": 432.1797381900285, "fast_rcnn/cls_accuracy": 0.9404296875, "fast_rcnn/false_negative": 0.6765447667087012, "fast_rcnn/fg_cls_accuracy": 0.3234552332912989, "iteration": 139, "loss_box_reg": 0.2141200453042984, "loss_cls": 0.152704119682312, "loss_rpn_cls": 0.0080624979455024, "loss_rpn_loc": 0.01610675174742937, "lr": 0.0017482625000000002, "roi_head/num_bg_samples": 237.25, "roi_head/num_fg_samples": 18.75, "rpn/num_neg_anchors": 246.75, "rpn/num_pos_anchors": 9.25, "time": 1.205681005499855, "total_loss": 0.4488914792891592}
{"data_time": 0.005592614500073978, "eta_seconds": 405.8504601524771, "fast_rcnn/cls_accuracy": 0.94921875, "fast_rcnn/false_negative": 0.44040404040404035, "fast_rcnn/fg_cls_accuracy": 0.5595959595959596, "iteration": 159, "loss_box_reg": 0.2433389276266098, "loss_cls": 0.11781160905957222, "loss_rpn_cls": 0.003284497302956879, "loss_rpn_loc": 0.013289719820022583, "lr": 0.0019980125, "roi_head/num_bg_samples": 233.75, "roi_head/num_fg_samples": 22.25, "rpn/num_neg_anchors": 248.25, "rpn/num_pos_anchors": 7.75, "time": 1.1435772615000133, "total_loss": 0.3996360315941274}
{"data_time": 0.0067608199999540375, "eta_seconds": 383.1463878945076, "fast_rcnn/cls_accuracy": 0.9501953125, "fast_rcnn/false_negative": 0.3280885780885781, "fast_rcnn/fg_cls_accuracy": 0.671911421911422, "iteration": 179, "loss_box_reg": 0.22987257689237595, "loss_cls": 0.1292678341269493, "loss_rpn_cls": 0.0021391429472714663, "loss_rpn_loc": 0.015341373160481453, "lr": 0.0022477624999999997, "roi_head/num_bg_samples": 234.25, "roi_head/num_fg_samples": 21.75, "rpn/num_neg_anchors": 245.75, "rpn/num_pos_anchors": 10.25, "time": 1.2133697669999037, "total_loss": 0.3695997880131472}
{"data_time": 0.007087134500125103, "eta_seconds": 357.5731161520225, "fast_rcnn/cls_accuracy": 0.953125, "fast_rcnn/false_negative": 0.4, "fast_rcnn/fg_cls_accuracy": 0.6, "iteration": 199, "loss_box_reg": 0.21884296834468842, "loss_cls": 0.10854989662766457, "loss_rpn_cls": 0.002675186493434012, "loss_rpn_loc": 0.01426241034641862, "lr": 0.0024975125, "roi_head/num_bg_samples": 233.5, "roi_head/num_fg_samples": 22.5, "rpn/num_neg_anchors": 246.25, "rpn/num_pos_anchors": 9.75, "time": 1.166922459000034, "total_loss": 0.3428045954933623}
{"data_time": 0.007285512499720426, "eta_seconds": 334.0956140029996, "fast_rcnn/cls_accuracy": 0.955078125, "fast_rcnn/false_negative": 0.2598964113947466, "fast_rcnn/fg_cls_accuracy": 0.7401035886052534, "iteration": 219, "loss_box_reg": 0.20922787487506866, "loss_cls": 0.12131617218255997, "loss_rpn_cls": 0.0033455670345574617, "loss_rpn_loc": 0.014101378619670868, "lr": 0.0027472625, "roi_head/num_bg_samples": 229.75, "roi_head/num_fg_samples": 26.25, "rpn/num_neg_anchors": 245.75, "rpn/num_pos_anchors": 10.25, "time": 1.2304347449999113, "total_loss": 0.3472041705972515}
{"data_time": 0.007660146000034729, "eta_seconds": 310.38197347351706, "fast_rcnn/cls_accuracy": 0.958984375, "fast_rcnn/false_negative": 0.3262411347517731, "fast_rcnn/fg_cls_accuracy": 0.6737588652482269, "iteration": 239, "loss_box_reg": 0.17922328412532806, "loss_cls": 0.10587383434176445, "loss_rpn_cls": 0.001063216244801879, "loss_rpn_loc": 0.016971830278635025, "lr": 0.0029970125, "roi_head/num_bg_samples": 235.75, "roi_head/num_fg_samples": 20.25, "rpn/num_neg_anchors": 246.75, "rpn/num_pos_anchors": 9.25, "time": 1.1964592125000308, "total_loss": 0.3183444817259442}
{"data_time": 0.0054660639998473926, "eta_seconds": 286.4641413695215, "fast_rcnn/cls_accuracy": 0.9619140625, "fast_rcnn/false_negative": 0.3282312925170068, "fast_rcnn/fg_cls_accuracy": 0.6717687074829932, "iteration": 259, "loss_box_reg": 0.19019828736782074, "loss_cls": 0.10086967423558235, "loss_rpn_cls": 0.002705310587771237, "loss_rpn_loc": 0.014191610738635063, "lr": 0.0032467625, "roi_head/num_bg_samples": 233.25, "roi_head/num_fg_samples": 22.75, "rpn/num_neg_anchors": 245.5, "rpn/num_pos_anchors": 10.5, "time": 1.1787862344999667, "total_loss": 0.33821973437443376}
{"data_time": 0.00643915849991572, "eta_seconds": 262.6065438945225, "fast_rcnn/cls_accuracy": 0.96484375, "fast_rcnn/false_negative": 0.2489028213166144, "fast_rcnn/fg_cls_accuracy": 0.7510971786833855, "iteration": 279, "loss_box_reg": 0.17053541541099548, "loss_cls": 0.07650931924581528, "loss_rpn_cls": 0.0010290772188454866, "loss_rpn_loc": 0.015397801995277405, "lr": 0.003496512500000001, "roi_head/num_bg_samples": 235.5, "roi_head/num_fg_samples": 20.5, "rpn/num_neg_anchors": 245.25, "rpn/num_pos_anchors": 10.75, "time": 1.149372347500048,